<?xml version="1.0" encoding="UTF-8"?>
<project-private xmlns="http://www.netbeans.org/ns/project-private/1">
    <editor-bookmarks xmlns="http://www.netbeans.org/ns/editor-bookmarks/2" lastBookmarkId="0"/>
    <open-files xmlns="http://www.netbeans.org/ns/projectui-open-files/2">
        <group>
            <file>file:/C:/Users/marta/OneDrive/Documentos/NetBeansProjects/ApuntesPSP/src/HiloEjercicio3/HiloIngresarDinero.java</file>
            <file>file:/C:/Users/marta/OneDrive/Documentos/NetBeansProjects/ApuntesPSP/src/HiloEjercicio3/CuentaBancaria.java</file>
            <file>file:/C:/Users/marta/OneDrive/Documentos/NetBeansProjects/ApuntesPSP/src/HiloEjercicio3/HiloSacarDinero.java</file>
            <file>file:/C:/Users/marta/OneDrive/Documentos/NetBeansProjects/ApuntesPSP/src/HiloEjercicio3/HiloCajeroAutomatico.java</file>
        </group>
    </open-files>
</project-private>
